{"cameraMode":{"drawMode":0,"name":"Shaded","section":"Shading Mode"},"sceneLighting":true,"audioPlay":false,"sceneViewState":{"showFog":true,"showMaterialUpdate":false,"showSkybox":true,"showFlares":true,"showImageEffects":true,"showParticleSystems":true},"in2DMode":false,"pivot":{"x":3.7350785732269289,"y":1.0078922510147095,"z":0.971584677696228},"rotation":{"x":0.14974795281887055,"y":0.12304702401161194,"z":-0.01878688856959343,"w":0.9808608889579773},"size":10.946078300476075,"orthographic":false}